title;url;tags;viewers
BIRTHDAY MARATHON! Begins Oct. 29th at 11:00am ET. !birthdaystream;/bobross;['English'];16
ë¦¬ë…¸ì°¸ì¹˜ ê·¸ë¦¼ë°©ì†¡;/rinotuna;['í•œêµ­ì–´'];841
ğŸ¤– Cat mecha ğŸ¤– | First mecha commission | Sketching a new waifu later!;/tofusenshi;['czech', 'artcommission'];229
Working on covers...| !store !links;/sozomaika;['English'];234
[ Vtuber ITA ] ~ SUBATHON di Compleanno! Day 7 AAAAAAH ! ~ !throne per farmi un regalo di compleanno !;/cappuccino_chan;['italiano', 'art', 'illustration'];64
âœ¨ğŸ¨ your daily dose of motivation ğŸ‘©â€ğŸ¨âœ¨;/vivisartservice;['English', 'art', 'positive'];93
art strimÙ©( ''Ï‰'' )Ùˆ;/ototaaan;['chill', 'æ—¥æœ¬èª', 'illustrator'];32
ã‚„ã»;/kingu_ch;['Comfy', 'English', 'æ—¥æœ¬èª'];59
[18+] Traditional art thursdays! Trying watercolour (?) | !socials !discord;/redbeanporridge;['traditionalArt', 'Productivity'];95
frogs are back and trying their best~ // !shop [mic on];/artbyzvesta;['DigitalArt', 'lgbtqia', 'Cosy'];126
re8 dlc recovery room ğŸ©¸ !throw !discord;/cirilla_vt;['Chill', 'Vampire', 'VTuber'];138
Sculpting Gabriel Angelos / Dawn of War 3 / Day 30;/cnotbusch;['Familyfriendly', 'sculpture'];141
Only 30 hours more! type !kickstarter to check out the goods!! Preparing for the closing day.;/nisego;['Drawing', 'Nisego', 'English'];95
Â¬ LAST FOUR !streamink Â¬ !kofi Â¬ !huel;/sezza;['drawing', 'draw', 'artcommissions'];102
3D Vtuber Waifus ğŸ’¼Shirahiko Day 16ğŸ’¼;/shonzo;['3DModeling', 'English', 'Anime'];142
Cyno's grippers be looking tasty;/homodacchi;['LGBTQIAplus', 'Asian', 'English'];43
DOODLES TO END STREAM;/paperbag_ch;['SplashWomanThePresequel'];34
We're building a Corner Store in 3D! C4D + Octane, EN!;/planetzomax;['octane', 'CGI', 'zomax'];58
ã¡ã‚‡ã£ã¨çµµæã„ãŸã‚Šã—ã‚ˆã†ã‹ãª;/viva_h;['illustration', 'æ¼«ç”»'];170
Umbreon I choose you! chat, watch or lurk!;/sariaarts;['English', 'British', 'Cooperative'];30
will i ever finish this;/jasjaws;['English'];16
keep working and no dying pls âœ¦ !commissions !tools !who;/lunacyhilly;['ArtCommissions', 'VTuber'];51
[Vartist] smol paper dgjashgdhasjhd !commission !queue;/papertalisman;['Live2d', 'Drawing', 'English'];19
"Live2d Rigging ; Games later";/rotuslotus;['Live2D', 'English'];47
Squaktober streaaam!!! looking at everyone's beautiful SQUAKS // birding of course;/ipaintbirbs;['giddyup', 'dingus', 'chill'];148
Designing dnd chars day !;/muchinery;['artcommissions', 'asexual'];78
[EN/JP] Chainsaw Man Collab with Sujipii~ (!collab) || Aki / Himeno || Mic [ON] / SR [OFF];/darkco4;['design', 'original', 'fanart'];28
â­ï¸Artâ­ï¸ |Screaming [Eng/UK | 18+ | They/Them];/hozzerino;['VTuber', 'UseMeLikeATissue'];84
[ENG/ä¸­æ–‡] âœ¨Community Art Bun Bun ~ Let's embrace the loveâœ¨ | !stardust !event !coms !discord;/starlowvince;['Celebration', 'Chatty', 'Malaysia'];49
Êš(*Â´ê’³`*)É Huevember Day 3 || !garden !study || only voice;/chacuri;['procreate', 'huevember', 'English'];13
